date,campaign_id,campaign_name,subgroup_id,subgroup_name,platform,impressions,clicks,cost,conversions,reach,frequency,video_views,engagement_rate,conversion_value,quality_score,likes,shares,comments,ctr,cpc,cpm,cpa,roas
2024-01-04,fb_1004,Video_Views_Campaign,fbset_2004,Video_Enthusiasts,Facebook,67890,234,89.5,5,56789,1.2,45678,0.0034,,,,,,0.00344675209898365,0.38247863247863245,1.3183090293121225,17.9,
2024-01-06,fb_1004,Video_Views_Campaign,fbset_2004,Video_Enthusiasts,Facebook,69456,245,91.2,5,57890,1.2,47234,0.0035,,,,,,0.0035274130384703984,0.3722448979591837,1.3130615065653077,18.240000000000002,
2024-01-26,fb_1004,Video_Views_Campaign,fbset_2004,Video_Enthusiasts,Facebook,73456,261,94.6,7,59567,1.23,49234,0.0036,,,,,,0.0035531474624264864,0.36245210727969346,1.2878457852319756,13.514285714285714,
2024-01-28,fb_1004,Video_Views_Campaign,fbset_2004,Video_Enthusiasts,Facebook,65789,234,80.4,4,54123,1.21,43890,0.0036,,,,,,0.003556825609144386,0.34358974358974359,1.2220887990393532,20.1,
2024-01-21,fb_1004,Video_Views_Campaign,fbset_2004,Video_Enthusiasts,Facebook,62345,223,76.3,4,51567,1.2,41234,0.0036,,,,,,0.0035768706391851794,0.342152466367713,1.2238351110754671,19.075,
2024-01-24,fb_1004,Video_Views_Campaign,fbset_2004,Video_Enthusiasts,Facebook,74567,267,95.8,7,60789,1.23,50234,0.0036,,,,,,0.003580672415411643,0.3588014981273408,1.2847506269529416,13.685714285714285,
2024-01-12,fb_1004,Video_Views_Campaign,fbset_2004,Video_Enthusiasts,Facebook,72890,261,96.8,7,59123,1.23,49567,0.0036,,,,,,0.0035807380985045959,0.37088122605363982,1.3280285361503634,13.828571428571427,
2024-01-20,fb_1004,Video_Views_Campaign,fbset_2004,Video_Enthusiasts,Facebook,65234,234,81.2,5,53456,1.19,43567,0.0036,,,,,,0.0035870864886408927,0.347008547008547,1.2447496704172671,16.240000000000002,
2024-01-27,fb_1004,Video_Views_Campaign,fbset_2004,Video_Enthusiasts,Facebook,68234,245,85.9,5,55890,1.22,45678,0.0036,,,,,,0.0035905853386874577,0.35061224489795922,1.2589031860949089,17.18,
2024-01-05,fb_1004,Video_Views_Campaign,fbset_2004,Video_Enthusiasts,Facebook,71234,256,94.8,6,59234,1.2,48901,0.0036,,,,,,0.0035937894825504675,0.3703125,1.3308251677569698,15.799999999999999,
2024-01-23,fb_1004,Video_Views_Campaign,fbset_2004,Video_Enthusiasts,Facebook,71234,256,90.5,6,58567,1.22,48123,0.0036,,,,,,0.0035937894825504675,0.353515625,1.270460735042255,15.083333333333334,
2024-01-18,fb_1004,Video_Views_Campaign,fbset_2004,Video_Enthusiasts,Facebook,72345,261,92.7,7,58234,1.24,48567,0.0036,,,,,,0.0036077130416753058,0.35517241379310344,1.2813601492846776,13.242857142857144,
2024-01-19,fb_1004,Video_Views_Campaign,fbset_2004,Video_Enthusiasts,Facebook,70123,253,89.4,6,57890,1.21,47234,0.0036,,,,,,0.0036079460376766538,0.35335968379446642,1.2749026710209206,14.9,
2024-01-09,fb_1004,Video_Views_Campaign,fbset_2004,Video_Enthusiasts,Facebook,70123,253,93.6,6,58456,1.2,48234,0.0036,,,,,,0.0036079460376766538,0.36996047430830037,1.334797427377608,15.6,
2024-01-25,fb_1004,Video_Views_Campaign,fbset_2004,Video_Enthusiasts,Facebook,76890,278,99.2,8,62890,1.23,51567,0.0036,,,,,,0.0036155546885160619,0.35683453237410073,1.2901547665496162,12.4,
2024-01-30,fb_1004,Video_Views_Campaign,fbset_2004,Video_Enthusiasts,Facebook,72123,261,91.3,7,58890,1.22,48567,0.0036,,,,,,0.0036188178528347406,0.34980842911877391,1.2658929883670951,13.042857142857143,
2024-01-15,fb_1004,Video_Views_Campaign,fbset_2004,Video_Enthusiasts,Facebook,68456,248,87.6,6,56789,1.21,46234,0.0036,,,,,,0.0036227649877293446,0.35322580645161289,1.279654084375365,14.6,
2024-01-08,fb_1004,Video_Views_Campaign,fbset_2004,Video_Enthusiasts,Facebook,73456,267,98.3,7,60234,1.22,50123,0.0036,,,,,,0.0036348290132868655,0.36816479400749064,1.3382160749292094,14.042857142857143,
2024-01-16,fb_1004,Video_Views_Campaign,fbset_2004,Video_Enthusiasts,Facebook,73456,267,94.2,7,59567,1.24,49890,0.0036,,,,,,0.0036348290132868655,0.35280898876404493,1.2824003485079503,13.457142857142857,
2024-01-29,fb_1004,Video_Views_Campaign,fbset_2004,Video_Enthusiasts,Facebook,69567,253,88.7,6,57123,1.22,46890,0.0036,,,,,,0.0036367818074661837,0.3505928853754941,1.2750298273606739,14.783333333333333,
2024-01-14,fb_1004,Video_Views_Campaign,fbset_2004,Video_Enthusiasts,Facebook,61234,223,78.9,4,50123,1.22,40567,0.0036,,,,,,0.0036417676454257438,0.35381165919282515,1.2884998530228307,19.725,
2024-01-11,fb_1004,Video_Views_Campaign,fbset_2004,Video_Enthusiasts,Facebook,76234,278,101.5,8,62456,1.22,52345,0.0037,,,,,,0.0036466668415667549,0.36510791366906475,1.3314269223705959,12.6875,
2024-01-17,fb_1004,Video_Views_Campaign,fbset_2004,Video_Enthusiasts,Facebook,75890,278,98.5,8,61567,1.23,51234,0.0037,,,,,,0.0036631967321122676,0.35431654676258995,1.2979312162340229,12.3125,
2024-01-22,fb_1004,Video_Views_Campaign,fbset_2004,Video_Enthusiasts,Facebook,66789,245,84.7,5,54890,1.22,44567,0.0037,,,,,,0.0036682687268861638,0.34571428571428575,1.2681729027235025,16.94,
2024-01-13,fb_1004,Video_Views_Campaign,fbset_2004,Video_Enthusiasts,Facebook,64567,238,83.4,5,52890,1.22,43234,0.0037,,,,,,0.003686093515263215,0.35042016806722692,1.2916815091300511,16.68,
2024-01-18,tt_8001,Awareness_GenZ,ttad_9001,Dance_Challenge,TikTok,290123,4189,567.8,44,,,236789,,,,10456,2812,678,0.014438703584341813,0.13554547624731439,1.9571009537334163,12.904545454545454,
2024-01-10,tt_8001,Awareness_GenZ,ttad_9001,Dance_Challenge,TikTok,256234,3701,490.5,38,,,209234,,,,9123,2423,601,0.014443828687840022,0.13253174817616861,1.9142658663565335,12.907894736842104,
2024-01-20,tt_8001,Awareness_GenZ,ttad_9001,Dance_Challenge,TikTok,256234,3701,490.5,38,,,209234,,,,9123,2423,601,0.014443828687840022,0.13253174817616861,1.9142658663565335,12.907894736842104,
2024-01-14,tt_8001,Awareness_GenZ,ttad_9001,Dance_Challenge,TikTok,223456,3234,434.5,32,,,189234,,,,8567,2234,534,0.014472647859086352,0.13435374149659865,1.9444543892309896,13.578125,
2024-01-03,tt_8001,Awareness_GenZ,ttad_9001,Dance_Challenge,TikTok,223456,3234,434.5,32,,,189234,,,,8567,2234,534,0.014472647859086352,0.13435374149659865,1.9444543892309896,13.578125,
2024-01-08,tt_8001,Awareness_GenZ,ttad_9001,Dance_Challenge,TikTok,245234,3578,474.3,37,,,203456,,,,8978,2389,590,0.014590146553903619,0.13256008943543879,1.9340711320616228,12.81891891891892,
2024-01-24,tt_8001,Awareness_GenZ,ttad_9001,Dance_Challenge,TikTok,312345,4567,623.4,48,,,256789,,,,11234,3012,723,0.014621652339560422,0.13650098532953797,1.9958699514959419,12.987499999999999,
2024-01-23,tt_8001,Awareness_GenZ,ttad_9001,Dance_Challenge,TikTok,289012,4234,556.7,43,,,234567,,,,10345,2789,656,0.014649910730350296,0.13148323098724612,1.9262175965011836,12.946511627906977,
2024-01-16,tt_8001,Awareness_GenZ,ttad_9001,Dance_Challenge,TikTok,289012,4234,556.7,43,,,234567,,,,10345,2789,656,0.014649910730350296,0.13148323098724612,1.9262175965011836,12.946511627906977,
2024-01-09,tt_8001,Awareness_GenZ,ttad_9001,Dance_Challenge,TikTok,289012,4234,556.7,43,,,234567,,,,10345,2789,656,0.014649910730350296,0.13148323098724612,1.9262175965011836,12.946511627906977,
2024-01-29,tt_8001,Awareness_GenZ,ttad_9001,Dance_Challenge,TikTok,289012,4234,556.7,43,,,234567,,,,10345,2789,656,0.014649910730350296,0.13148323098724612,1.9262175965011836,12.946511627906977,
2024-01-30,tt_8001,Awareness_GenZ,ttad_9001,Dance_Challenge,TikTok,295678,4345,573.2,44,,,241234,,,,10567,2856,667,0.014695039874458025,0.13192174913693902,1.9385953638755675,13.027272727272729,
2024-01-12,tt_8001,Awareness_GenZ,ttad_9001,Dance_Challenge,TikTok,267890,3945,501.2,40,,,221234,,,,9789,2634,623,0.014726193586920004,0.1270468948035488,1.8709171674941207,12.53,
2024-01-22,tt_8001,Awareness_GenZ,ttad_9001,Dance_Challenge,TikTok,267890,3945,523.4,40,,,221234,,,,9789,2634,623,0.014726193586920004,0.13267427122940431,1.9537870021277388,13.084999999999999,
2024-01-28,tt_8001,Awareness_GenZ,ttad_9001,Dance_Challenge,TikTok,267890,3945,501.2,40,,,221234,,,,9789,2634,623,0.014726193586920004,0.1270468948035488,1.8709171674941207,12.53,
2024-01-06,tt_8001,Awareness_GenZ,ttad_9001,Dance_Challenge,TikTok,267890,3945,523.4,40,,,221234,,,,9789,2634,623,0.014726193586920004,0.13267427122940431,1.9537870021277388,13.084999999999999,
2024-01-01,tt_8001,Awareness_GenZ,ttad_9001,Dance_Challenge,TikTok,234567,3456,456.7,34,,,198234,,,,8923,2345,567,0.014733530291984806,0.13214699074074074,1.9469916910733394,13.43235294117647,
2024-01-13,tt_8001,Awareness_GenZ,ttad_9001,Dance_Challenge,TikTok,234567,3456,456.7,34,,,198234,,,,8923,2345,567,0.014733530291984806,0.13214699074074074,1.9469916910733394,13.43235294117647,
2024-01-21,tt_8001,Awareness_GenZ,ttad_9001,Dance_Challenge,TikTok,234567,3456,445.7,34,,,195234,,,,8756,2234,534,0.014733530291984806,0.12896412037037036,1.9000967740560266,13.108823529411765,
2024-01-11,tt_8001,Awareness_GenZ,ttad_9001,Dance_Challenge,TikTok,278901,4123,523.6,42,,,234567,,,,10345,2789,656,0.014783023366714354,0.12699490662139221,1.8773686720377483,12.466666666666667,
2024-01-07,tt_8001,Awareness_GenZ,ttad_9001,Dance_Challenge,TikTok,278901,4123,545.6,42,,,229234,,,,10123,2712,645,0.014783023366714354,0.13233082706766919,1.9562497086779898,12.990476190476191,
2024-01-19,tt_8001,Awareness_GenZ,ttad_9001,Dance_Challenge,TikTok,278901,4123,545.6,42,,,229234,,,,10123,2712,645,0.014783023366714354,0.13233082706766919,1.9562497086779898,12.990476190476191,
2024-01-27,tt_8001,Awareness_GenZ,ttad_9001,Dance_Challenge,TikTok,278901,4123,545.6,42,,,229234,,,,10123,2712,645,0.014783023366714354,0.13233082706766919,1.9562497086779898,12.990476190476191,
2024-01-17,tt_8001,Awareness_GenZ,ttad_9001,Dance_Challenge,TikTok,301234,4456,589.9,46,,,245678,,,,10789,2901,689,0.014792486903868753,0.13238330341113105,1.9582782820000395,12.82391304347826,
2024-01-26,tt_8001,Awareness_GenZ,ttad_9001,Dance_Challenge,TikTok,301234,4456,589.9,46,,,245678,,,,10789,2901,689,0.014792486903868753,0.13238330341113105,1.9582782820000395,12.82391304347826,
2024-01-05,tt_8001,Awareness_GenZ,ttad_9001,Dance_Challenge,TikTok,234234,3467,460.2,35,,,199234,,,,8945,2367,578,0.014801437878360956,0.13273723680415345,1.9647019647019648,13.148571428571428,
2024-01-25,tt_8001,Awareness_GenZ,ttad_9001,Dance_Challenge,TikTok,323456,4789,645.7,50,,,267890,,,,11567,3134,734,0.01480572318955283,0.13482981833368135,1.9962529679461816,12.914000000000001,
2024-01-15,tt_8001,Awareness_GenZ,ttad_9001,Dance_Challenge,TikTok,246789,3678,478.9,36,,,207345,,,,9234,2456,589,0.014903419520318976,0.13020663404023924,1.940524091430331,13.302777777777777,
2024-01-02,tt_8001,Awareness_GenZ,ttad_9001,Dance_Challenge,TikTok,245678,3678,478.9,36,,,207345,,,,9234,2456,589,0.014970815457631534,0.13020663404023924,1.9492994895757862,13.302777777777777,
2024-01-04,tt_8001,Awareness_GenZ,ttad_9001,Dance_Challenge,TikTok,256789,3890,512.3,39,,,217456,,,,9567,2567,612,0.01514862396753755,0.13169665809768635,1.9950231513032097,13.135897435897435,
2024-01-25,tt_8003,Traffic_Campaign,ttad_9003,Trending_Sounds,TikTok,278901,4234,534.2,39,,,223456,,,,9456,2634,623,0.015181014051581027,0.12616910722720834,1.9153749896916827,13.697435897435899,
2024-01-02,tt_8003,Traffic_Campaign,ttad_9003,Trending_Sounds,TikTok,198345,3012,361.2,25,,,152345,,,,7123,1967,478,0.015185661347651818,0.1199203187250996,1.8210693488618317,14.448,
2024-01-01,tt_8003,Traffic_Campaign,ttad_9003,Trending_Sounds,TikTok,189234,2890,345.6,23,,,145678,,,,6789,1890,456,0.015272096980458057,0.1195847750865052,1.8263102825073718,15.026086956521739,
2024-01-14,tt_8003,Traffic_Campaign,ttad_9003,Trending_Sounds,TikTok,195678,2989,361.2,25,,,152345,,,,7123,1967,478,0.015275094798597696,0.12084309133489461,1.845889675896115,14.448,
2024-01-24,tt_8003,Traffic_Campaign,ttad_9003,Trending_Sounds,TikTok,267890,4123,512.6,37,,,212345,,,,9123,2567,612,0.015390645414162529,0.1243269463982537,1.9134719474411139,13.854054054054055,
2024-01-21,tt_8003,Traffic_Campaign,ttad_9003,Trending_Sounds,TikTok,201234,3123,374.5,26,,,157890,,,,7345,2034,489,0.015519246250633591,0.11991674671789945,1.861017521889939,14.403846153846153,
2024-01-04,tt_8003,Traffic_Campaign,ttad_9003,Trending_Sounds,TikTok,201234,3123,374.5,26,,,157890,,,,7345,2034,489,0.015519246250633591,0.11991674671789945,1.861017521889939,14.403846153846153,
2024-01-13,tt_8003,Traffic_Campaign,ttad_9003,Trending_Sounds,TikTok,201234,3123,374.5,26,,,157890,,,,7345,2034,489,0.015519246250633591,0.11991674671789945,1.861017521889939,14.403846153846153,
2024-01-17,tt_8003,Traffic_Campaign,ttad_9003,Trending_Sounds,TikTok,256789,4012,489.2,36,,,201234,,,,8901,2456,589,0.015623722199938472,0.12193419740777667,1.9050660269715605,13.588888888888889,
2024-01-26,tt_8003,Traffic_Campaign,ttad_9003,Trending_Sounds,TikTok,256789,4012,489.2,36,,,201234,,,,8901,2456,589,0.015623722199938472,0.12193419740777667,1.9050660269715605,13.588888888888889,
2024-01-06,tt_8003,Traffic_Campaign,ttad_9003,Trending_Sounds,TikTok,205678,3234,387.8,27,,,162345,,,,7567,2089,501,0.015723606802866618,0.11991341991341992,1.8854714651056508,14.362962962962964,
2024-01-07,tt_8003,Traffic_Campaign,ttad_9003,Trending_Sounds,TikTok,212345,3345,401.1,28,,,167890,,,,7789,2145,512,0.01575266665096894,0.11991031390134529,1.8889072029009395,14.325000000000001,
2024-01-15,tt_8003,Traffic_Campaign,ttad_9003,Trending_Sounds,TikTok,212345,3345,401.1,28,,,167890,,,,7789,2145,512,0.01575266665096894,0.11991031390134529,1.8889072029009395,14.325000000000001,
2024-01-19,tt_8003,Traffic_Campaign,ttad_9003,Trending_Sounds,TikTok,236789,3734,456.8,33,,,187890,,,,8456,2267,545,0.015769313608317955,0.12233529726834494,1.9291436679913341,13.842424242424244,
2024-01-27,tt_8003,Traffic_Campaign,ttad_9003,Trending_Sounds,TikTok,236789,3734,456.8,33,,,187890,,,,8456,2267,545,0.015769313608317955,0.12233529726834494,1.9291436679913341,13.842424242424244,
2024-01-09,tt_8003,Traffic_Campaign,ttad_9003,Trending_Sounds,TikTok,218901,3456,414.4,29,,,173456,,,,8012,2201,523,0.015787958940342895,0.11990740740740741,1.8930932247911156,14.289655172413791,
2024-01-20,tt_8003,Traffic_Campaign,ttad_9003,Trending_Sounds,TikTok,218901,3456,414.4,29,,,173456,,,,8012,2201,523,0.015787958940342895,0.11990740740740741,1.8930932247911156,14.289655172413791,
2024-01-30,tt_8003,Traffic_Campaign,ttad_9003,Trending_Sounds,TikTok,251234,3967,481.5,35,,,198901,,,,8678,2378,556,0.015790060262544082,0.12137635492815729,1.9165399587635432,13.757142857142858,
2024-01-18,tt_8003,Traffic_Campaign,ttad_9003,Trending_Sounds,TikTok,248901,3934,478.5,35,,,195234,,,,8734,2401,578,0.015805480894010068,0.12163192679206915,1.9224510950136802,13.671428571428571,
2024-01-23,tt_8003,Traffic_Campaign,ttad_9003,Trending_Sounds,TikTok,245678,3890,467.8,34,,,195678,,,,8567,2345,567,0.015833733586238897,0.12025706940874037,1.9041183988798345,13.758823529411766,
2024-01-16,tt_8003,Traffic_Campaign,ttad_9003,Trending_Sounds,TikTok,245678,3890,467.8,34,,,195678,,,,8567,2345,567,0.015833733586238897,0.12025706940874037,1.9041183988798345,13.758823529411766,
2024-01-29,tt_8003,Traffic_Campaign,ttad_9003,Trending_Sounds,TikTok,245678,3890,467.8,34,,,195678,,,,8567,2345,567,0.015833733586238897,0.12025706940874037,1.9041183988798345,13.758823529411766,
2024-01-22,tt_8003,Traffic_Campaign,ttad_9003,Trending_Sounds,TikTok,228901,3634,441.9,31,,,182345,,,,8456,2301,545,0.015875858995810416,0.12160154100165106,1.9305289186154713,14.254838709677419,
2024-01-12,tt_8003,Traffic_Campaign,ttad_9003,Trending_Sounds,TikTok,228901,3634,441.9,31,,,182345,,,,8456,2301,545,0.015875858995810416,0.12160154100165106,1.9305289186154713,14.254838709677419,
2024-01-28,tt_8003,Traffic_Campaign,ttad_9003,Trending_Sounds,TikTok,223456,3567,427.7,30,,,178901,,,,8234,2267,534,0.015962874122869827,0.11990468180543874,1.9140233424029784,14.256666666666666,
2024-01-10,tt_8003,Traffic_Campaign,ttad_9003,Trending_Sounds,TikTok,223456,3567,427.7,30,,,178901,,,,8234,2267,534,0.015962874122869827,0.11990468180543874,1.9140233424029784,14.256666666666666,
2024-01-20,tt_8004,Influencer_Collab,ttad_9004,Creator_Partnership,TikTok,389012,6234,967.8,98,,,321234,,,,16901,4912,1345,0.016025212589842987,0.15524542829643886,2.4878409920516589,9.8755102040816318,
2024-01-08,tt_8004,Influencer_Collab,ttad_9004,Creator_Partnership,TikTok,389012,6234,967.8,98,,,321234,,,,16901,4912,1345,0.016025212589842987,0.15524542829643886,2.4878409920516589,9.8755102040816318,
2024-01-27,tt_8004,Influencer_Collab,ttad_9004,Creator_Partnership,TikTok,423456,6789,1034.5,104,,,356789,,,,18756,5345,1456,0.016032362276127862,0.1523788481366917,2.4429928965465124,9.947115384615385,
2024-01-19,tt_8004,Influencer_Collab,ttad_9004,Creator_Partnership,TikTok,423456,6789,1034.5,104,,,356789,,,,18756,5345,1456,0.016032362276127862,0.1523788481366917,2.4429928965465124,9.947115384615385,
2024-01-28,tt_8004,Influencer_Collab,ttad_9004,Creator_Partnership,TikTok,401234,6456,989.9,101,,,332345,,,,17234,5012,1378,0.01609036123558821,0.15333023543990087,2.4671388765657944,9.8009900990099013,
2024-01-09,tt_8004,Influencer_Collab,ttad_9004,Creator_Partnership,TikTok,401234,6456,989.9,101,,,332345,,,,17234,5012,1378,0.01609036123558821,0.15333023543990087,2.4671388765657944,9.8009900990099013,
2024-01-30,tt_8004,Influencer_Collab,ttad_9004,Creator_Partnership,TikTok,434567,7012,1089.3,109,,,367890,,,,19234,5534,1523,0.016135601644855686,0.15534797490017113,2.5066330393242007,9.9935779816513755,
2024-01-18,tt_8004,Influencer_Collab,ttad_9004,Creator_Partnership,TikTok,434567,7012,1089.3,109,,,367890,,,,19234,5534,1523,0.016135601644855686,0.15534797490017113,2.5066330393242007,9.9935779816513755,
2024-01-11,tt_8003,Traffic_Campaign,ttad_9003,Trending_Sounds,TikTok,234567,3789,456.8,33,,,189234,,,,8789,2434,567,0.016153167325327091,0.12055951438374242,1.9474180085007695,13.842424242424244,
2024-01-06,tt_8004,Influencer_Collab,ttad_9004,Creator_Partnership,TikTok,378901,6123,945.6,96,,,312345,,,,16567,4823,1312,0.016159894009253075,0.15443410093091622,2.4956387024578981,9.85,
2024-01-15,tt_8004,Influencer_Collab,ttad_9004,Creator_Partnership,TikTok,378901,6123,945.6,96,,,312345,,,,16567,4823,1312,0.016159894009253075,0.15443410093091622,2.4956387024578981,9.85,
2024-01-17,tt_8004,Influencer_Collab,ttad_9004,Creator_Partnership,TikTok,445678,7234,1123.5,113,,,378901,,,,19567,5678,1567,0.016231449611602996,0.15530826651921481,2.520878302272044,9.942477876106194,
2024-01-26,tt_8004,Influencer_Collab,ttad_9004,Creator_Partnership,TikTok,445678,7234,1123.5,113,,,378901,,,,19567,5678,1567,0.016231449611602996,0.15530826651921481,2.520878302272044,9.942477876106194,
2024-01-23,tt_8004,Influencer_Collab,ttad_9004,Creator_Partnership,TikTok,423456,6890,1056.8,107,,,356789,,,,18890,5456,1489,0.016270875840701277,0.15338171262699563,2.4956548023879694,9.876635514018691,
2024-01-29,tt_8004,Influencer_Collab,ttad_9004,Creator_Partnership,TikTok,423456,6890,1056.8,107,,,356789,,,,18890,5456,1489,0.016270875840701277,0.15338171262699563,2.4956548023879694,9.876635514018691,
2024-01-16,tt_8004,Influencer_Collab,ttad_9004,Creator_Partnership,TikTok,423456,6890,1056.8,107,,,356789,,,,18890,5456,1489,0.016270875840701277,0.15338171262699563,2.4956548023879694,9.876635514018691,
2024-01-25,tt_8004,Influencer_Collab,ttad_9004,Creator_Partnership,TikTok,467890,7623,1189.4,120,,,401234,,,,20789,6034,1678,0.01629229092308021,0.15602781057326512,2.542050481950886,9.9116666666666671,
2024-01-24,tt_8004,Influencer_Collab,ttad_9004,Creator_Partnership,TikTok,456789,7456,1167.8,118,,,389012,,,,20234,5912,1623,0.016322634739453008,0.15662553648068669,2.5565414228451209,9.8966101694915256,
2024-01-13,tt_8004,Influencer_Collab,ttad_9004,Creator_Partnership,TikTok,367890,6012,923.4,94,,,301234,,,,16234,4789,1289,0.016341841311261519,0.15359281437125749,2.5099893990051374,9.823404255319149,
2024-01-04,tt_8004,Influencer_Collab,ttad_9004,Creator_Partnership,TikTok,367890,6012,923.4,94,,,301234,,,,16234,4789,1289,0.016341841311261519,0.15359281437125749,2.5099893990051374,9.823404255319149,
2024-01-21,tt_8004,Influencer_Collab,ttad_9004,Creator_Partnership,TikTok,367890,6012,923.4,94,,,301234,,,,16234,4789,1289,0.016341841311261519,0.15359281437125749,2.5099893990051374,9.823404255319149,
2024-01-05,tt_8004,Influencer_Collab,ttad_9004,Creator_Partnership,TikTok,356789,5834,901.2,91,,,293456,,,,15890,4634,1256,0.016351400968079174,0.15447377442577992,2.5258626246885414,9.9032967032967036,
2024-01-14,tt_8004,Influencer_Collab,ttad_9004,Creator_Partnership,TikTok,356789,5834,901.2,91,,,293456,,,,15890,4634,1256,0.016351400968079174,0.15447377442577992,2.5258626246885414,9.9032967032967036,
2024-01-22,tt_8004,Influencer_Collab,ttad_9004,Creator_Partnership,TikTok,398567,6534,998.7,98,,,332345,,,,17756,5012,1389,0.016393730539658327,0.15284664830119377,2.5057267661396958,10.190816326530612,
2024-01-12,tt_8004,Influencer_Collab,ttad_9004,Creator_Partnership,TikTok,398567,6534,998.7,98,,,332345,,,,17756,5012,1389,0.016393730539658327,0.15284664830119377,2.5057267661396958,10.190816326530612,
2024-01-03,tt_8004,Influencer_Collab,ttad_9004,Creator_Partnership,TikTok,345678,5678,890.1,89,,,289234,,,,15678,4567,1234,0.0164256909609521,0.15676294469883761,2.5749396837519312,10.001123595505618,
2024-01-11,tt_8004,Influencer_Collab,ttad_9004,Creator_Partnership,TikTok,412345,6789,1023.4,103,,,345678,,,,18234,5234,1456,0.016464368429349209,0.15074385034614818,2.481902290557664,9.9359223300970871,
2024-01-08,tt_8002,Conversion_Focus,ttad_9002,Product_Demo,TikTok,119234,2234,645.6,64,,,85678,,,,4345,1189,223,0.018736266501165773,0.28898836168307968,5.4145629602294649,10.0875,
2024-01-15,tt_8002,Conversion_Focus,ttad_9002,Product_Demo,TikTok,142345,2678,734.5,73,,,97890,,,,4901,1356,256,0.018813446204643647,0.27427184466019416,5.1599985949629428,10.061643835616438,
2024-01-20,tt_8002,Conversion_Focus,ttad_9002,Product_Demo,TikTok,142345,2678,734.5,73,,,97890,,,,4901,1356,256,0.018813446204643647,0.27427184466019416,5.1599985949629428,10.061643835616438,
2024-01-03,tt_8002,Conversion_Focus,ttad_9002,Product_Demo,TikTok,112345,2123,623.4,62,,,82345,,,,4234,1123,212,0.018897147180559883,0.29364107395195477,5.5489785927277575,10.054838709677419,
2024-01-01,tt_8002,Conversion_Focus,ttad_9002,Product_Demo,TikTok,123456,2345,678.9,67,,,89234,,,,4567,1234,234,0.018994621565578018,0.2895095948827292,5.4991251944012438,10.132835820895522,
2024-01-28,tt_8002,Conversion_Focus,ttad_9002,Product_Demo,TikTok,148901,2834,756.7,76,,,101234,,,,5012,1423,267,0.019032780169374281,0.26700776287932254,5.08190005439856,9.9565789473684223,
2024-01-12,tt_8002,Conversion_Focus,ttad_9002,Product_Demo,TikTok,148901,2834,767.5,77,,,103456,,,,5123,1456,278,0.019032780169374281,0.270818630910374,5.15443146788806,9.9675324675324681,
2024-01-22,tt_8002,Conversion_Focus,ttad_9002,Product_Demo,TikTok,148901,2834,767.5,77,,,103456,,,,5123,1456,278,0.019032780169374281,0.270818630910374,5.15443146788806,9.9675324675324681,
2024-01-14,tt_8002,Conversion_Focus,ttad_9002,Product_Demo,TikTok,128901,2456,689.5,68,,,91234,,,,4678,1267,237,0.019053382052893305,0.28074104234527686,5.349066337732058,10.139705882352942,
2024-01-21,tt_8002,Conversion_Focus,ttad_9002,Product_Demo,TikTok,128901,2456,678.9,67,,,89234,,,,4567,1234,234,0.019053382052893305,0.27642508143322475,5.2668326855493754,10.132835820895522,
2024-01-05,tt_8002,Conversion_Focus,ttad_9002,Product_Demo,TikTok,128901,2456,689.5,68,,,91234,,,,4678,1267,237,0.019053382052893305,0.28074104234527686,5.349066337732058,10.139705882352942,
2024-01-02,tt_8002,Conversion_Focus,ttad_9002,Product_Demo,TikTok,134567,2567,712.3,71,,,95678,,,,4789,1345,245,0.019075999316325698,0.27748344370860928,5.29327398247713,10.032394366197183,
2024-01-13,tt_8002,Conversion_Focus,ttad_9002,Product_Demo,TikTok,134567,2567,712.3,71,,,95678,,,,4789,1345,245,0.019075999316325698,0.27748344370860928,5.29327398247713,10.032394366197183,
2024-01-10,tt_8002,Conversion_Focus,ttad_9002,Product_Demo,TikTok,145678,2789,756.7,76,,,101234,,,,5012,1423,267,0.0191449635497467,0.27131588382932953,5.194332706379825,9.9565789473684223,
2024-01-30,tt_8002,Conversion_Focus,ttad_9002,Product_Demo,TikTok,161234,3089,823.7,83,,,113456,,,,5523,1589,301,0.019158490144758549,0.26665587568792493,5.1087239664090704,9.92409638554217,
2024-01-18,tt_8002,Conversion_Focus,ttad_9002,Product_Demo,TikTok,161234,3089,823.7,83,,,113456,,,,5523,1589,301,0.019158490144758549,0.26665587568792493,5.1087239664090704,9.92409638554217,
2024-01-19,tt_8002,Conversion_Focus,ttad_9002,Product_Demo,TikTok,153456,2945,789.2,79,,,107890,,,,5234,1456,278,0.019191168804087166,0.26797962648556878,5.142842247940778,9.9898734177215189,
2024-01-27,tt_8002,Conversion_Focus,ttad_9002,Product_Demo,TikTok,153456,2945,789.2,79,,,107890,,,,5234,1456,278,0.019191168804087166,0.26797962648556878,5.142842247940778,9.9898734177215189,
2024-01-11,tt_8002,Conversion_Focus,ttad_9002,Product_Demo,TikTok,156789,3012,812.3,82,,,109876,,,,5456,1567,289,0.019210531351051413,0.26968791500664008,5.180848146234748,9.90609756097561,
2024-01-23,tt_8002,Conversion_Focus,ttad_9002,Product_Demo,TikTok,156789,3012,812.3,82,,,109876,,,,5456,1567,289,0.019210531351051413,0.26968791500664008,5.180848146234748,9.90609756097561,
2024-01-29,tt_8002,Conversion_Focus,ttad_9002,Product_Demo,TikTok,156789,3012,812.3,82,,,109876,,,,5456,1567,289,0.019210531351051413,0.26968791500664008,5.180848146234748,9.90609756097561,
2024-01-16,tt_8002,Conversion_Focus,ttad_9002,Product_Demo,TikTok,156789,3012,812.3,82,,,109876,,,,5456,1567,289,0.019210531351051413,0.26968791500664008,5.180848146234748,9.90609756097561,
2024-01-26,tt_8002,Conversion_Focus,ttad_9002,Product_Demo,TikTok,167890,3234,845.6,85,,,117890,,,,5678,1634,312,0.019262612424801952,0.26147186147186147,5.0366311275239735,9.948235294117648,
2024-01-17,tt_8002,Conversion_Focus,ttad_9002,Product_Demo,TikTok,167890,3234,845.6,85,,,117890,,,,5678,1634,312,0.019262612424801952,0.26147186147186147,5.0366311275239735,9.948235294117648,
2024-01-07,tt_8002,Conversion_Focus,ttad_9002,Product_Demo,TikTok,138901,2678,734.5,73,,,97890,,,,4901,1356,256,0.019279918791081419,0.27427184466019416,5.2879388917286416,10.061643835616438,
2024-01-25,tt_8002,Conversion_Focus,ttad_9002,Product_Demo,TikTok,178901,3456,889.5,89,,,128901,,,,6123,1734,345,0.019317946797390736,0.25737847222222221,4.972023633182598,9.99438202247191,
2024-01-24,tt_8002,Conversion_Focus,ttad_9002,Product_Demo,TikTok,172345,3345,867.9,87,,,123456,,,,5890,1678,334,0.019408744088891469,0.25946188340807175,5.03582929588906,9.9758620689655171,
2024-01-02,fb_1001,Brand_Awareness_Q1,fbset_2001,Broad_Audience_18-35,Facebook,42345,823,118.2,10,36789,1.15,7890,0.0194,,,,,,0.019435588617310189,0.14362089914945322,2.7913567127169681,11.82,
2024-01-01,fb_1001,Brand_Awareness_Q1,fbset_2001,Broad_Audience_18-35,Facebook,45623,892,127.5,12,38234,1.19,8234,0.0195,,,,,,0.0195515419854021,0.1429372197309417,2.7946430528461521,10.625,
2024-01-06,fb_1001,Brand_Awareness_Q1,fbset_2001,Broad_Audience_18-35,Facebook,44567,878,125.6,11,37456,1.19,8123,0.0197,,,,,,0.019700675387618643,0.1430523917995444,2.8182287342652637,11.418181818181818,
2024-01-21,fb_1001,Brand_Awareness_Q1,fbset_2001,Broad_Audience_18-35,Facebook,41567,823,118.9,12,35123,1.18,7456,0.0198,,,,,,0.019799360069285732,0.14447144592952613,2.8604421776890323,9.9083333333333332,
2024-01-14,fb_1001,Brand_Awareness_Q1,fbset_2001,Broad_Audience_18-35,Facebook,40123,798,114.7,11,33456,1.2,7345,0.0199,,,,,,0.019888841811429855,0.143734335839599,2.858709468384717,10.427272727272728,
2024-01-15,fb_1001,Brand_Awareness_Q1,fbset_2001,Broad_Audience_18-35,Facebook,46789,934,132.4,14,39234,1.19,8567,0.02,,,,,,0.019961956870204536,0.14175588865096361,2.829724935348052,9.4571428571428573,
2024-01-05,fb_1001,Brand_Awareness_Q1,fbset_2001,Broad_Audience_18-35,Facebook,46789,934,131.2,13,39234,1.19,8567,0.02,,,,,,0.019961956870204536,0.14047109207708777,2.804077881553356,10.092307692307692,
2024-01-04,fb_1001,Brand_Awareness_Q1,fbset_2001,Broad_Audience_18-35,Facebook,51234,1023,142.3,15,42567,1.2,9234,0.02,,,,,,0.019967209275090759,0.13910068426197458,2.77745247296717,9.4866666666666681,
2024-01-28,fb_1001,Brand_Awareness_Q1,fbset_2001,Broad_Audience_18-35,Facebook,44567,890,127.6,13,37456,1.19,8123,0.02,,,,,,0.019969932910000675,0.14337078651685392,2.8631049879956021,9.8153846153846143,
2024-01-08,fb_1001,Brand_Awareness_Q1,fbset_2001,Broad_Audience_18-35,Facebook,47234,945,135.4,14,39567,1.19,8789,0.02,,,,,,0.02000677478087818,0.14328042328042329,2.8665791590803238,9.6714285714285726,
2024-01-03,fb_1001,Brand_Awareness_Q1,fbset_2001,Broad_Audience_18-35,Facebook,48234,967,134.8,14,40123,1.2,8901,0.0201,,,,,,0.0200480988514326,0.13940020682523269,2.7947091263424144,9.62857142857143,
2024-01-10,fb_1001,Brand_Awareness_Q1,fbset_2001,Broad_Audience_18-35,Facebook,48567,978,137.8,14,40456,1.2,8945,0.0201,,,,,,0.02013713015010192,0.1408997955010225,2.8373175201268355,9.8428571428571434,
2024-01-22,fb_1001,Brand_Awareness_Q1,fbset_2001,Broad_Audience_18-35,Facebook,45234,912,129.8,14,38567,1.17,8234,0.0202,,,,,,0.020161825175752754,0.1423245614035088,2.8695229252332317,9.2714285714285722,
2024-01-09,fb_1001,Brand_Awareness_Q1,fbset_2001,Broad_Audience_18-35,Facebook,50123,1012,141.7,15,41890,1.2,9345,0.0202,,,,,,0.020190331783811823,0.1400197628458498,2.8270454681483548,9.4466666666666654,
2024-01-29,fb_1001,Brand_Awareness_Q1,fbset_2001,Broad_Audience_18-35,Facebook,47890,967,138.4,15,40234,1.19,8789,0.0202,,,,,,0.020192106911672583,0.14312306101344366,2.8899561495092922,9.2266666666666666,
2024-01-19,fb_1001,Brand_Awareness_Q1,fbset_2001,Broad_Audience_18-35,Facebook,47890,967,138.4,15,40234,1.19,8789,0.0202,,,,,,0.020192106911672583,0.14312306101344366,2.8899561495092922,9.2266666666666666,
2024-01-27,fb_1001,Brand_Awareness_Q1,fbset_2001,Broad_Audience_18-35,Facebook,46234,934,133.8,15,38890,1.19,8456,0.0202,,,,,,0.020201583250421769,0.14325481798715203,2.8939741315914698,8.92,
2024-01-13,fb_1001,Brand_Awareness_Q1,fbset_2001,Broad_Audience_18-35,Facebook,42345,856,121.5,12,35678,1.19,7890,0.0202,,,,,,0.020214901405124573,0.14193925233644861,2.869287991498406,10.125,
2024-01-20,fb_1001,Brand_Awareness_Q1,fbset_2001,Broad_Audience_18-35,Facebook,43234,878,125.7,13,36567,1.18,7890,0.0203,,,,,,0.020308090854420133,0.14316628701594533,2.9074339640098072,9.6692307692307686,
2024-01-30,fb_1001,Brand_Awareness_Q1,fbset_2001,Broad_Audience_18-35,Facebook,49234,1001,142.8,16,41567,1.18,9012,0.0203,,,,,,0.020331478246740059,0.14265734265734267,2.900434658975505,8.925,
2024-01-23,fb_1001,Brand_Awareness_Q1,fbset_2001,Broad_Audience_18-35,Facebook,48567,989,140.3,15,40456,1.2,8945,0.0204,,,,,,0.020363621389008997,0.14186046511627909,2.8887928016966256,9.3533333333333335,
2024-01-16,fb_1001,Brand_Awareness_Q1,fbset_2001,Broad_Audience_18-35,Facebook,50234,1023,143.8,16,42345,1.19,9234,0.0204,,,,,,0.020364693235657125,0.14056695992179863,2.8626030178763391,8.9875,
2024-01-18,fb_1001,Brand_Awareness_Q1,fbset_2001,Broad_Audience_18-35,Facebook,49567,1012,144.6,16,41890,1.18,9123,0.0204,,,,,,0.020416809570883855,0.14288537549407115,2.9172635019266848,9.0375,
2024-01-12,fb_1001,Brand_Awareness_Q1,fbset_2001,Broad_Audience_18-35,Facebook,49234,1012,140.3,15,41567,1.18,9123,0.0206,,,,,,0.020554901084616321,0.13863636363636364,2.849656741276354,9.3533333333333335,
2024-01-26,fb_1001,Brand_Awareness_Q1,fbset_2001,Broad_Audience_18-35,Facebook,50123,1034,147.5,17,41890,1.2,9123,0.0206,,,,,,0.020629252039981644,0.14264990328820115,2.9427608084113084,8.6764705882352935,
2024-01-24,fb_1001,Brand_Awareness_Q1,fbset_2001,Broad_Audience_18-35,Facebook,51234,1067,149.7,17,42567,1.2,9234,0.0208,,,,,,0.020826013975094662,0.14029990627928771,2.9218878088769173,8.8058823529411754,
2024-01-11,fb_1001,Brand_Awareness_Q1,fbset_2001,Broad_Audience_18-35,Facebook,52123,1089,148.6,17,43234,1.21,9567,0.0209,,,,,,0.020892887976517085,0.136455463728191,2.8509487174567849,8.7411764705882344,
2024-01-17,fb_1001,Brand_Awareness_Q1,fbset_2001,Broad_Audience_18-35,Facebook,51789,1089,152.3,18,43567,1.19,9567,0.021,,,,,,0.021027631350286742,0.13985307621671259,2.9407789298885865,8.4611111111111121,
2024-01-25,fb_1001,Brand_Awareness_Q1,fbset_2001,Broad_Audience_18-35,Facebook,52789,1123,156.4,18,43890,1.2,9567,0.0213,,,,,,0.021273371346303208,0.13926981300089047,2.9627384492981492,8.68888888888889,
2024-01-07,fb_1001,Brand_Awareness_Q1,fbset_2001,Broad_Audience_18-35,Facebook,49876,1067,145.9,16,41234,1.21,9567,0.0214,,,,,,0.021393054775844092,0.13673851921274602,2.9252546314860854,9.11875,
2024-01-20,fb_1003,Traffic_Drive_Jan,fbset_2003,Lookalike_Purchasers,Facebook,34567,1234,189.6,24,28934,1.19,4567,0.0357,,,,,,0.035698787861254952,0.15364667747163696,5.4850001446466283,7.8999999999999995,
2024-01-01,fb_1003,Traffic_Drive_Jan,fbset_2003,Lookalike_Purchasers,Facebook,34567,1234,189.9,23,28934,1.19,4567,0.0357,,,,,,0.035698787861254952,0.15388978930307942,5.4936789423438537,8.2565217391304344,
2024-01-21,fb_1003,Traffic_Drive_Jan,fbset_2003,Lookalike_Purchasers,Facebook,32890,1178,171.2,22,27234,1.21,3789,0.0358,,,,,,0.035816357555487989,0.14533106960950762,5.20522955305564,7.7818181818181813,
2024-01-28,fb_1003,Traffic_Drive_Jan,fbset_2003,Lookalike_Purchasers,Facebook,33567,1203,184.5,25,27890,1.2,4123,0.0358,,,,,,0.035838770220752526,0.15336658354114713,5.4964697470730179,7.38,
2024-01-27,fb_1003,Traffic_Drive_Jan,fbset_2003,Lookalike_Purchasers,Facebook,35890,1289,197.8,27,29567,1.21,4567,0.0359,,,,,,0.035915296740039009,0.15345228859581073,5.5112844803566459,7.325925925925926,
2024-01-14,fb_1003,Traffic_Drive_Jan,fbset_2003,Lookalike_Purchasers,Facebook,31234,1123,173.8,21,26123,1.2,3890,0.036,,,,,,0.035954408657232505,0.15476402493321462,5.5644489978869185,8.276190476190477,
2024-01-13,fb_1003,Traffic_Drive_Jan,fbset_2003,Lookalike_Purchasers,Facebook,33456,1203,185.3,23,27890,1.2,4234,0.036,,,,,,0.03595767575322812,0.15403158769742312,5.5386178861788622,8.0565217391304351,
2024-01-09,fb_1003,Traffic_Drive_Jan,fbset_2003,Lookalike_Purchasers,Facebook,36456,1312,199.8,26,30234,1.21,4823,0.036,,,,,,0.035988588983980691,0.15228658536585366,5.4805793285055966,7.6846153846153848,
2024-01-22,fb_1003,Traffic_Drive_Jan,fbset_2003,Lookalike_Purchasers,Facebook,35123,1267,194.5,26,29123,1.21,4345,0.0361,,,,,,0.036073228368875096,0.15351223362273086,5.5376818608888758,7.4807692307692308,
2024-01-06,fb_1003,Traffic_Drive_Jan,fbset_2003,Lookalike_Purchasers,Facebook,35678,1289,195.6,24,29345,1.22,4678,0.0361,,,,,,0.036128706766074332,0.1517455391776571,5.4823700880094179,8.15,
2024-01-15,fb_1003,Traffic_Drive_Jan,fbset_2003,Lookalike_Purchasers,Facebook,35678,1289,196.6,25,29345,1.22,4678,0.0361,,,,,,0.036128706766074332,0.15252133436772691,5.5103985649419807,7.864,
2024-01-02,fb_1003,Traffic_Drive_Jan,fbset_2003,Lookalike_Purchasers,Facebook,36789,1345,201.3,25,30123,1.22,4890,0.0366,,,,,,0.036559841256897443,0.14966542750929368,5.4717442713854689,8.052,
2024-01-19,fb_1003,Traffic_Drive_Jan,fbset_2003,Lookalike_Purchasers,Facebook,37234,1367,209.9,28,30678,1.21,5012,0.0367,,,,,,0.03671375624429285,0.15354791514264815,5.6373207283665474,7.4964285714285719,
2024-01-07,fb_1003,Traffic_Drive_Jan,fbset_2003,Lookalike_Purchasers,Facebook,37234,1367,207.9,27,30678,1.21,5012,0.0367,,,,,,0.03671375624429285,0.15208485735186542,5.5836063812644356,7.7,
2024-01-29,fb_1003,Traffic_Drive_Jan,fbset_2003,Lookalike_Purchasers,Facebook,36234,1334,203.7,28,30123,1.2,4678,0.0368,,,,,,0.036816249931004026,0.15269865067466265,5.621791687365457,7.2749999999999995,
2024-01-12,fb_1003,Traffic_Drive_Jan,fbset_2003,Lookalike_Purchasers,Facebook,37890,1398,212.4,28,30890,1.23,5012,0.0369,,,,,,0.036896278701504352,0.151931330472103,5.6057007125890737,7.5857142857142863,
2024-01-10,fb_1003,Traffic_Drive_Jan,fbset_2003,Lookalike_Purchasers,Facebook,38456,1423,217.5,29,31234,1.23,5123,0.037,,,,,,0.037003328479301018,0.15284609978917779,5.6558144372789689,7.5,
2024-01-16,fb_1003,Traffic_Drive_Jan,fbset_2003,Lookalike_Purchasers,Facebook,38456,1423,218.7,30,31234,1.23,5123,0.037,,,,,,0.037003328479301018,0.15368938861560083,5.6870189307260244,7.29,
2024-01-23,fb_1003,Traffic_Drive_Jan,fbset_2003,Lookalike_Purchasers,Facebook,37456,1389,213.4,29,30567,1.22,4890,0.0371,,,,,,0.037083511319948741,0.15363570914326855,5.6973515591627519,7.3586206896551722,
2024-01-26,fb_1003,Traffic_Drive_Jan,fbset_2003,Lookalike_Purchasers,Facebook,38890,1445,231.2,32,31567,1.23,5123,0.0372,,,,,,0.03715608125482129,0.16,5.9449730007714061,7.225,
2024-01-30,fb_1003,Traffic_Drive_Jan,fbset_2003,Lookalike_Purchasers,Facebook,37890,1412,216.5,30,30890,1.23,4956,0.0373,,,,,,0.037265769332277647,0.153328611898017,5.7139086830298229,7.2166666666666668,
2024-01-18,fb_1003,Traffic_Drive_Jan,fbset_2003,Lookalike_Purchasers,Facebook,38901,1456,224.5,31,31456,1.24,5234,0.0374,,,,,,0.037428343744376751,0.15418956043956045,5.7710598699262237,7.241935483870968,
2024-01-03,fb_1003,Traffic_Drive_Jan,fbset_2003,Lookalike_Purchasers,Facebook,38901,1456,213.4,28,31456,1.24,5234,0.0375,,,,,,0.037428343744376751,0.14656593406593407,5.4857201614354389,7.6214285714285719,
2024-01-24,fb_1003,Traffic_Drive_Jan,fbset_2003,Lookalike_Purchasers,Facebook,39234,1489,227.9,32,32123,1.22,5234,0.0379,,,,,,0.037951776520364987,0.15305574210879785,5.8087373196717129,7.121875,
2024-01-17,fb_1003,Traffic_Drive_Jan,fbset_2003,Lookalike_Purchasers,Facebook,40123,1534,232.8,33,32890,1.22,5456,0.0382,,,,,,0.03823243526157067,0.15176010430247719,5.8021583630336719,7.0545454545454547,
2024-01-11,fb_1003,Traffic_Drive_Jan,fbset_2003,Lookalike_Purchasers,Facebook,39789,1534,225.8,31,32567,1.22,5456,0.0386,,,,,,0.038553369021588881,0.14719687092568448,5.6749352836211013,7.2838709677419358,
2024-01-25,fb_1003,Traffic_Drive_Jan,fbset_2003,Lookalike_Purchasers,Facebook,40567,1567,238.6,34,33234,1.22,5456,0.0386,,,,,,0.038627455813838835,0.15226547543075941,5.8816279241748219,7.0176470588235293,
2024-01-03,fb_1002,Conversions_Retargeting,fbset_2002,Cart_Abandoners,Facebook,11234,489,198.7,31,8901,1.26,1123,0.0435,,,,,,0.043528573971871105,0.40633946830265849,17.687377603703045,6.4096774193548383,
2024-01-05,fb_1002,Conversions_Retargeting,fbset_2002,Cart_Abandoners,Facebook,12890,567,220.3,36,10123,1.27,1345,0.044,,,,,,0.043987587276958881,0.38853615520282186,17.090768037238171,6.1194444444444445,
2024-01-15,fb_1002,Conversions_Retargeting,fbset_2002,Cart_Abandoners,Facebook,12890,567,221.3,37,10123,1.27,1345,0.044,,,,,,0.043987587276958881,0.39029982363315696,17.168347556245152,5.9810810810810811,
2024-01-08,fb_1002,Conversions_Retargeting,fbset_2002,Cart_Abandoners,Facebook,12123,534,212.4,35,9567,1.27,1234,0.0441,,,,,,0.044048502845830242,0.39775280898876403,17.520415738678548,6.0685714285714285,
2024-01-27,fb_1002,Conversions_Retargeting,fbset_2002,Cart_Abandoners,Facebook,12567,567,209.4,36,9890,1.27,1267,0.0451,,,,,,0.045118166626879924,0.36931216931216931,16.662687992360947,5.8166666666666664,
2024-01-23,fb_1002,Conversions_Retargeting,fbset_2002,Cart_Abandoners,Facebook,13789,623,229.8,38,10789,1.28,1489,0.0452,,,,,,0.045180941330045687,0.36886035313001608,16.665457973747191,6.0473684210526315,
2024-01-01,fb_1002,Conversions_Retargeting,fbset_2002,Cart_Abandoners,Facebook,12456,567,215.8,34,9876,1.26,1234,0.0455,,,,,,0.04552023121387283,0.38059964726631396,17.324983943481055,6.3470588235294123,
2024-01-22,fb_1002,Conversions_Retargeting,fbset_2002,Cart_Abandoners,Facebook,12456,567,209.6,36,9876,1.26,1234,0.0455,,,,,,0.04552023121387283,0.36966490299823634,16.82723185613359,5.822222222222222,
2024-01-02,fb_1002,Conversions_Retargeting,fbset_2002,Cart_Abandoners,Facebook,13678,623,234.5,38,10234,1.34,1456,0.0455,,,,,,0.045547594677584444,0.37640449438202245,17.144319344933468,6.1710526315789478,
2024-01-21,fb_1002,Conversions_Retargeting,fbset_2002,Cart_Abandoners,Facebook,10234,467,178.4,30,8456,1.21,945,0.0456,,,,,,0.045632206370920463,0.38201284796573876,17.432089114715655,5.9466666666666672,
2024-01-19,fb_1002,Conversions_Retargeting,fbset_2002,Cart_Abandoners,Facebook,13890,634,235.8,40,10890,1.27,1378,0.0457,,,,,,0.045644348452123833,0.37192429022082019,16.976241900647949,5.8950000000000005,
2024-01-28,fb_1002,Conversions_Retargeting,fbset_2002,Cart_Abandoners,Facebook,11456,523,192.3,33,8967,1.28,1089,0.0457,,,,,,0.045652932960893858,0.36768642447418742,16.78596368715084,5.827272727272728,
2024-01-30,fb_1002,Conversions_Retargeting,fbset_2002,Cart_Abandoners,Facebook,14123,645,236.9,41,11123,1.27,1423,0.0457,,,,,,0.045670183388798413,0.36728682170542637,16.774056503575729,5.7780487804878051,
2024-01-20,fb_1002,Conversions_Retargeting,fbset_2002,Cart_Abandoners,Facebook,11890,545,202.3,34,9567,1.28,1156,0.0458,,,,,,0.045836837678721612,0.37119266055045874,17.014297729184189,5.95,
2024-01-29,fb_1002,Conversions_Retargeting,fbset_2002,Cart_Abandoners,Facebook,13234,612,226.5,39,10456,1.27,1345,0.0463,,,,,,0.046244521686564906,0.37009803921568629,17.115006800664954,5.8076923076923075,
2024-01-14,fb_1002,Conversions_Retargeting,fbset_2002,Cart_Abandoners,Facebook,10567,489,185.9,29,8234,1.28,998,0.0463,,,,,,0.04627614270843191,0.3801635991820041,17.592504968297529,6.4103448275862069,
2024-01-07,fb_1002,Conversions_Retargeting,fbset_2002,Cart_Abandoners,Facebook,13456,623,237.8,40,10567,1.27,1456,0.0463,,,,,,0.046299048751486327,0.38170144462279293,17.672413793103448,5.945,
2024-01-04,fb_1002,Conversions_Retargeting,fbset_2002,Cart_Abandoners,Facebook,14567,678,245.6,42,11234,1.3,1567,0.0465,,,,,,0.046543557355666919,0.36224188790560469,16.860026086359579,5.8476190476190473,
2024-01-13,fb_1002,Conversions_Retargeting,fbset_2002,Cart_Abandoners,Facebook,11234,523,198.6,32,8901,1.27,1123,0.0466,,,,,,0.046555100587502223,0.37973231357552578,17.678476054833538,6.20625,
2024-01-10,fb_1002,Conversions_Retargeting,fbset_2002,Cart_Abandoners,Facebook,13789,645,241.2,41,10789,1.28,1489,0.0468,,,,,,0.046776415983755169,0.373953488372093,17.492203930669373,5.8829268292682926,
2024-01-12,fb_1002,Conversions_Retargeting,fbset_2002,Cart_Abandoners,Facebook,13456,634,239.7,39,10567,1.27,1378,0.0471,,,,,,0.04711652794292509,0.37807570977917981,17.813614744351959,6.1461538461538456,
2024-01-18,fb_1002,Conversions_Retargeting,fbset_2002,Cart_Abandoners,Facebook,14567,689,253.4,43,11567,1.26,1489,0.0473,,,,,,0.047298688817189537,0.36777939042089985,17.3954829408938,5.8930232558139535,
2024-01-16,fb_1002,Conversions_Retargeting,fbset_2002,Cart_Abandoners,Facebook,14234,678,248.5,42,11234,1.27,1567,0.0477,,,,,,0.047632429394407753,0.36651917404129791,17.458198679218771,5.916666666666667,
2024-01-24,fb_1002,Conversions_Retargeting,fbset_2002,Cart_Abandoners,Facebook,14890,712,251.6,43,11790,1.26,1578,0.0478,,,,,,0.04781732706514439,0.35337078651685394,16.897246474143717,5.851162790697674,
2024-01-17,fb_1002,Conversions_Retargeting,fbset_2002,Cart_Abandoners,Facebook,15234,734,264.7,46,12123,1.26,1678,0.0482,,,,,,0.048181698831560982,0.36062670299727517,17.375607194433503,5.7543478260869563,
2024-01-25,fb_1002,Conversions_Retargeting,fbset_2002,Cart_Abandoners,Facebook,15678,756,268.9,47,12345,1.27,1678,0.0482,,,,,,0.048220436280137773,0.35568783068783066,17.151422375302971,5.7212765957446807,
2024-01-26,fb_1002,Conversions_Retargeting,fbset_2002,Cart_Abandoners,Facebook,14234,689,254.7,44,11234,1.27,1456,0.0484,,,,,,0.048405226921455671,0.36966618287373004,17.893775467191229,5.7886363636363631,
2024-01-11,fb_1002,Conversions_Retargeting,fbset_2002,Cart_Abandoners,Facebook,14567,723,256.4,44,11456,1.27,1612,0.0496,,,,,,0.049632731516441271,0.35463347164591974,17.601427884945423,5.8272727272727272,
2024-01-08,g_5004,Display_Remarketing,gad_6004,Cart_Abandoners,Google Ads,125678,445,121.3,11,,,,,550,7,,,,0.0035,0.27,0.96516494533649488,11.027272727272727,4.5342126957955484
2024-01-14,g_5004,Display_Remarketing,gad_6004,Cart_Abandoners,Google Ads,115678,412,113.4,11,,,,,550,7,,,,0.0036,0.28,0.98030740503812319,10.30909090909091,4.8500881834215166
2024-01-21,g_5004,Display_Remarketing,gad_6004,Cart_Abandoners,Google Ads,118234,423,116.2,11,,,,,550,7,,,,0.0036,0.27,0.98279682663193324,10.563636363636364,4.7332185886402751
2024-01-09,g_5004,Display_Remarketing,gad_6004,Cart_Abandoners,Google Ads,129345,456,125.6,12,,,,,600,7,,,,0.0035,0.28,0.97104642622443849,10.466666666666667,4.7770700636942678
2024-01-28,g_5004,Display_Remarketing,gad_6004,Cart_Abandoners,Google Ads,127345,445,125.1,12,,,,,600,7,,,,0.0035,0.28,0.98237072519533541,10.424999999999999,4.7961630695443649
2024-01-13,g_5004,Display_Remarketing,gad_6004,Cart_Abandoners,Google Ads,119234,434,116.8,12,,,,,600,7,,,,0.0036,0.27,0.9795863595954174,9.7333333333333325,5.1369863013698636
2024-01-20,g_5004,Display_Remarketing,gad_6004,Cart_Abandoners,Google Ads,124567,445,122.3,12,,,,,600,7,,,,0.0036,0.27,0.98180095852031424,10.191666666666666,4.9059689288634507
2024-01-03,g_5004,Display_Remarketing,gad_6004,Cart_Abandoners,Google Ads,123456,456,123.4,12,,,,,600,7,,,,0.0037,0.27,0.99954639709694149,10.283333333333333,4.8622366288492707
2024-01-05,g_5004,Display_Remarketing,gad_6004,Cart_Abandoners,Google Ads,128901,467,128.9,13,,,,,650,7,,,,0.0036,0.28,0.99999224210828475,9.9153846153846157,5.04266873545384
2024-01-06,g_5004,Display_Remarketing,gad_6004,Cart_Abandoners,Google Ads,131234,478,132.4,13,,,,,650,7,,,,0.0036,0.28,1.0088848926345308,10.184615384615386,4.9093655589123868
2024-01-15,g_5004,Display_Remarketing,gad_6004,Cart_Abandoners,Google Ads,128901,467,126.7,13,,,,,650,7,,,,0.0036,0.27,0.98292488033452041,9.7461538461538471,5.1302288871349644
2024-01-29,g_5004,Display_Remarketing,gad_6004,Cart_Abandoners,Google Ads,131234,467,128.9,13,,,,,650,7,,,,0.0036,0.28,0.98221497477787767,9.9153846153846157,5.04266873545384
2024-01-19,g_5004,Display_Remarketing,gad_6004,Cart_Abandoners,Google Ads,131567,478,129.4,13,,,,,650,7,,,,0.0036,0.27,0.98352930446084508,9.953846153846154,5.0231839258114368
2024-01-22,g_5004,Display_Remarketing,gad_6004,Cart_Abandoners,Google Ads,127890,456,125.6,13,,,,,650,7,,,,0.0036,0.28,0.98209398702009532,9.661538461538461,5.17515923566879
2024-01-04,g_5004,Display_Remarketing,gad_6004,Cart_Abandoners,Google Ads,134567,489,134.5,14,,,,,700,7,,,,0.0036,0.28,0.99950210675722873,9.6071428571428577,5.2044609665427508
2024-01-30,g_5004,Display_Remarketing,gad_6004,Cart_Abandoners,Google Ads,133456,478,131.2,14,,,,,700,7,,,,0.0036,0.27,0.98309555209207522,9.37142857142857,5.3353658536585371
2024-01-27,g_5004,Display_Remarketing,gad_6004,Cart_Abandoners,Google Ads,134890,489,132.7,14,,,,,700,7,,,,0.0036,0.27,0.98376454889168952,9.4785714285714278,5.2750565184626979
2024-01-23,g_5004,Display_Remarketing,gad_6004,Cart_Abandoners,Google Ads,133456,489,131.2,14,,,,,700,7,,,,0.0037,0.27,0.98309555209207522,9.37142857142857,5.3353658536585371
2024-01-18,g_5004,Display_Remarketing,gad_6004,Cart_Abandoners,Google Ads,135234,501,133.6,14,,,,,700,7,,,,0.0037,0.27,0.98791723974740075,9.5428571428571427,5.2395209580838324
2024-01-16,g_5004,Display_Remarketing,gad_6004,Cart_Abandoners,Google Ads,132567,489,130.5,14,,,,,700,7,,,,0.0037,0.27,0.98440788431510107,9.3214285714285712,5.3639846743295019
2024-01-12,g_5004,Display_Remarketing,gad_6004,Cart_Abandoners,Google Ads,133456,489,131.2,14,,,,,700,7,,,,0.0037,0.27,0.98309555209207522,9.37142857142857,5.3353658536585371
2024-01-11,g_5004,Display_Remarketing,gad_6004,Cart_Abandoners,Google Ads,136789,512,142.3,15,,,,,750,7,,,,0.0037,0.28,1.0402883272777783,9.4866666666666681,5.2705551651440619
2024-01-26,g_5004,Display_Remarketing,gad_6004,Cart_Abandoners,Google Ads,138567,512,136.2,15,,,,,750,7,,,,0.0037,0.27,0.98291801078178775,9.08,5.5066079295154191
2024-01-24,g_5004,Display_Remarketing,gad_6004,Cart_Abandoners,Google Ads,139234,523,136.8,15,,,,,750,7,,,,0.0038,0.26,0.98251863768907033,9.120000000000001,5.4824561403508767
2024-01-17,g_5004,Display_Remarketing,gad_6004,Cart_Abandoners,Google Ads,138901,534,136.4,15,,,,,750,7,,,,0.0038,0.26,0.981994370090928,9.0933333333333337,5.4985337243401755
2024-01-25,g_5004,Display_Remarketing,gad_6004,Cart_Abandoners,Google Ads,142345,545,139.9,16,,,,,800,7,,,,0.0038,0.26,0.98282342196775441,8.74375,5.7183702644746246
2024-01-14,g_5002,Search_Generic_Terms,gad_6002,Product_Broad,Google Ads,39567,789,507.4,19,,,,,950,6,,,,0.0199,0.64,12.82381782798797,26.705263157894734,1.8722901064249113
2024-01-21,g_5002,Search_Generic_Terms,gad_6002,Product_Broad,Google Ads,38901,778,498.7,19,,,,,950,6,,,,0.02,0.64,12.819721858049922,26.247368421052631,1.9049528774814519
2024-01-20,g_5002,Search_Generic_Terms,gad_6002,Product_Broad,Google Ads,40567,812,520.4,20,,,,,1000,6,,,,0.02,0.64,12.828160820371238,26.02,1.9215987701767872
2024-01-02,g_5002,Search_Generic_Terms,gad_6002,Product_Broad,Google Ads,43234,823,534.2,21,,,,,1050,7,,,,0.019,0.65,12.356016098441042,25.43809523809524,1.9655559715462372
2024-01-28,g_5002,Search_Generic_Terms,gad_6002,Product_Broad,Google Ads,42890,834,549.3,21,,,,,1050,7,,,,0.0195,0.66,12.807181161109815,26.157142857142855,1.9115237575095578
2024-01-13,g_5002,Search_Generic_Terms,gad_6002,Product_Broad,Google Ads,41234,823,528.9,21,,,,,1050,6,,,,0.02,0.64,12.826793422903428,25.185714285714283,1.9852524106636416
2024-01-15,g_5002,Search_Generic_Terms,gad_6002,Product_Broad,Google Ads,43789,856,560.9,22,,,,,1100,7,,,,0.0195,0.66,12.809152983626024,25.495454545454546,1.9611338919593511
2024-01-07,g_5002,Search_Generic_Terms,gad_6002,Product_Broad,Google Ads,44567,878,567.2,22,,,,,1100,6,,,,0.0197,0.65,12.726905557924026,25.781818181818185,1.93935119887165
2024-01-22,g_5002,Search_Generic_Terms,gad_6002,Product_Broad,Google Ads,42890,845,549.3,22,,,,,1100,7,,,,0.0197,0.65,12.807181161109815,24.968181818181815,2.0025486983433463
2024-01-01,g_5002,Search_Generic_Terms,gad_6002,Product_Broad,Google Ads,45678,890,567.8,23,,,,,1150,7,,,,0.0195,0.64,12.430491702789087,24.686956521739127,2.0253610426206414
2024-01-29,g_5002,Search_Generic_Terms,gad_6002,Product_Broad,Google Ads,44567,878,570.8,23,,,,,1150,7,,,,0.0197,0.65,12.807682814638634,24.817391304347826,2.0147161878065876
2024-01-19,g_5002,Search_Generic_Terms,gad_6002,Product_Broad,Google Ads,44890,890,574.7,23,,,,,1150,7,,,,0.0198,0.65,12.802405881042549,24.986956521739131,2.0010440229685051
2024-01-10,g_5002,Search_Generic_Terms,gad_6002,Product_Broad,Google Ads,45234,901,578.9,23,,,,,1150,7,,,,0.0199,0.64,12.797895388424637,25.169565217391302,1.9865261703230266
2024-01-12,g_5002,Search_Generic_Terms,gad_6002,Product_Broad,Google Ads,46567,912,596.7,24,,,,,1200,7,,,,0.0196,0.65,12.813795176841971,24.8625,2.0110608345902463
2024-01-05,g_5002,Search_Generic_Terms,gad_6002,Product_Broad,Google Ads,46234,912,589.3,24,,,,,1200,7,,,,0.0197,0.65,12.74603105939352,24.554166666666664,2.036314271169184
2024-01-16,g_5002,Search_Generic_Terms,gad_6002,Product_Broad,Google Ads,45678,901,584.5,24,,,,,1200,7,,,,0.0197,0.65,12.796094399929943,24.354166666666668,2.0530367835757057
2024-01-27,g_5002,Search_Generic_Terms,gad_6002,Product_Broad,Google Ads,45678,901,584.5,24,,,,,1200,7,,,,0.0197,0.65,12.796094399929943,24.354166666666668,2.0530367835757057
2024-01-30,g_5002,Search_Generic_Terms,gad_6002,Product_Broad,Google Ads,45890,912,587.7,24,,,,,1200,7,,,,0.0199,0.64,12.806711701895839,24.4875,2.0418580908626849
2024-01-18,g_5002,Search_Generic_Terms,gad_6002,Product_Broad,Google Ads,46123,923,590.3,24,,,,,1200,7,,,,0.02,0.64,12.798386921926154,24.595833333333331,2.0328646450957142
2024-01-23,g_5002,Search_Generic_Terms,gad_6002,Product_Broad,Google Ads,45123,912,577.8,24,,,,,1200,7,,,,0.0202,0.63,12.804999667575293,24.075,2.0768431983385258
2024-01-26,g_5002,Search_Generic_Terms,gad_6002,Product_Broad,Google Ads,47234,945,605.6,25,,,,,1250,7,,,,0.02,0.64,12.821272811957488,24.224,2.0640686922060767
2024-01-03,g_5002,Search_Generic_Terms,gad_6002,Product_Broad,Google Ads,47890,967,623.5,25,,,,,1250,6,,,,0.0202,0.64,13.019419503027772,24.94,2.0048115477145148
2024-01-17,g_5002,Search_Generic_Terms,gad_6002,Product_Broad,Google Ads,47234,967,605.6,25,,,,,1250,7,,,,0.0205,0.63,12.821272811957488,24.224,2.0640686922060767
2024-01-11,g_5002,Search_Generic_Terms,gad_6002,Product_Broad,Google Ads,47890,934,612.5,26,,,,,1300,7,,,,0.0195,0.66,12.789726456462727,23.557692307692307,2.1224489795918369
2024-01-24,g_5002,Search_Generic_Terms,gad_6002,Product_Broad,Google Ads,47890,978,613.5,26,,,,,1300,7,,,,0.0204,0.63,12.810607642514096,23.596153846153847,2.1189894050529747
2024-01-08,g_5002,Search_Generic_Terms,gad_6002,Product_Broad,Google Ads,48234,989,634.7,26,,,,,1300,7,,,,0.0205,0.64,13.158767674254676,24.411538461538463,2.0482117535843702
2024-01-25,g_5002,Search_Generic_Terms,gad_6002,Product_Broad,Google Ads,49567,1012,634.2,27,,,,,1350,7,,,,0.0204,0.63,12.794802993927412,23.488888888888891,2.1286660359508041
2024-01-21,g_5001,Search_Brand_Terms,gad_6001,Brand_Exact,Google Ads,21567,1089,207.8,41,,,,,2050,9,,,,0.0505,0.19,9.6350906477488767,5.0682926829268293,9.865255052935515
2024-01-14,g_5001,Search_Brand_Terms,gad_6001,Brand_Exact,Google Ads,21234,1089,207.8,41,,,,,2050,9,,,,0.0513,0.19,9.7861919562965074,5.0682926829268293,9.865255052935515
2024-01-03,g_5001,Search_Brand_Terms,gad_6001,Brand_Exact,Google Ads,22345,1123,213.4,42,,,,,2100,9,,,,0.0503,0.19,9.5502349518908041,5.0809523809523807,9.8406747891283963
2024-01-20,g_5001,Search_Brand_Terms,gad_6001,Brand_Exact,Google Ads,22345,1123,214.5,42,,,,,2100,9,,,,0.0503,0.19,9.5994629671067351,5.1071428571428568,9.79020979020979
2024-01-08,g_5001,Search_Brand_Terms,gad_6001,Brand_Exact,Google Ads,22567,1134,216.8,43,,,,,2150,9,,,,0.0503,0.19,9.6069481986972143,5.0418604651162795,9.9169741697416978
2024-01-13,g_5001,Search_Brand_Terms,gad_6001,Brand_Exact,Google Ads,22456,1156,220.4,43,,,,,2150,9,,,,0.0515,0.19,9.8147488421802649,5.1255813953488376,9.754990925589837
2024-01-28,g_5001,Search_Brand_Terms,gad_6001,Brand_Exact,Google Ads,23567,1189,226.8,44,,,,,2200,9,,,,0.0505,0.19,9.6236262570543563,5.1545454545454552,9.7001763668430332
2024-01-01,g_5001,Search_Brand_Terms,gad_6001,Brand_Exact,Google Ads,23456,1234,234.5,45,,,,,2250,9,,,,0.0526,0.19,9.99744201909959,5.2111111111111112,9.5948827292110881
2024-01-05,g_5001,Search_Brand_Terms,gad_6001,Brand_Exact,Google Ads,23890,1234,234.9,46,,,,,2300,9,,,,0.0517,0.19,9.83256592716618,5.1065217391304349,9.7914005959982973
2024-01-15,g_5001,Search_Brand_Terms,gad_6001,Brand_Exact,Google Ads,23890,1234,235.6,46,,,,,2300,9,,,,0.0517,0.19,9.8618668899120969,5.1217391304347828,9.762308998302208
2024-01-29,g_5001,Search_Brand_Terms,gad_6001,Brand_Exact,Google Ads,24890,1278,244.2,47,,,,,2350,9,,,,0.0513,0.19,9.8111691442346327,5.1957446808510639,9.6232596232596244
2024-01-06,g_5001,Search_Brand_Terms,gad_6001,Brand_Exact,Google Ads,24234,1267,241.2,47,,,,,2350,9,,,,0.0523,0.19,9.9529586531319634,5.1319148936170214,9.7429519071310118
2024-01-22,g_5001,Search_Brand_Terms,gad_6001,Brand_Exact,Google Ads,24234,1267,241.2,47,,,,,2350,9,,,,0.0523,0.19,9.9529586531319634,5.1319148936170214,9.7429519071310118
2024-01-10,g_5001,Search_Brand_Terms,gad_6001,Brand_Exact,Google Ads,24678,1289,245.9,48,,,,,2400,9,,,,0.0522,0.19,9.9643407083232027,5.1229166666666668,9.760065067100447
2024-01-02,g_5001,Search_Brand_Terms,gad_6001,Brand_Exact,Google Ads,24567,1289,245.6,48,,,,,2400,9,,,,0.0525,0.19,9.9971506492449222,5.1166666666666663,9.77198697068404
2024-01-19,g_5001,Search_Brand_Terms,gad_6001,Brand_Exact,Google Ads,24567,1289,246.8,48,,,,,2400,9,,,,0.0525,0.19,10.045996662189117,5.1416666666666666,9.7244732576985413
2024-01-27,g_5001,Search_Brand_Terms,gad_6001,Brand_Exact,Google Ads,25234,1312,250.3,49,,,,,2450,9,,,,0.052,0.19,9.9191566933502422,5.1081632653061231,9.7882540950858967
2024-01-09,g_5001,Search_Brand_Terms,gad_6001,Brand_Exact,Google Ads,25234,1312,250.3,49,,,,,2450,9,,,,0.052,0.19,9.9191566933502422,5.1081632653061231,9.7882540950858967
2024-01-12,g_5001,Search_Brand_Terms,gad_6001,Brand_Exact,Google Ads,25123,1312,250.4,49,,,,,2450,9,,,,0.0522,0.19,9.9669625442821328,5.1102040816326531,9.7843450479233223
2024-01-04,g_5001,Search_Brand_Terms,gad_6001,Brand_Exact,Google Ads,25678,1345,256.7,50,,,,,2500,9,,,,0.0524,0.19,9.9968844925617244,5.1339999999999995,9.7389949357226335
2024-01-30,g_5001,Search_Brand_Terms,gad_6001,Brand_Exact,Google Ads,25456,1334,254.6,50,,,,,2500,9,,,,0.0524,0.19,10.001571338780641,5.092,9.8193244304791829
2024-01-16,g_5001,Search_Brand_Terms,gad_6001,Brand_Exact,Google Ads,25456,1345,257.3,51,,,,,2550,9,,,,0.0528,0.19,10.107636706473915,5.0450980392156861,9.9106101826661472
2024-01-23,g_5001,Search_Brand_Terms,gad_6001,Brand_Exact,Google Ads,25678,1356,259.4,51,,,,,2550,9,,,,0.0528,0.19,10.102032868603473,5.0862745098039213,9.8303777949113353
2024-01-11,g_5001,Search_Brand_Terms,gad_6001,Brand_Exact,Google Ads,26234,1378,263.4,52,,,,,2600,9,,,,0.0525,0.19,10.040405580544331,5.0653846153846152,9.8709187547456345
2024-01-18,g_5001,Search_Brand_Terms,gad_6001,Brand_Exact,Google Ads,25789,1389,265.2,52,,,,,2600,9,,,,0.0538,0.19,10.283454185893209,5.1,9.8039215686274517
2024-01-26,g_5001,Search_Brand_Terms,gad_6001,Brand_Exact,Google Ads,26789,1378,263.4,53,,,,,2650,9,,,,0.0515,0.19,9.832393893015789,4.969811320754717,10.06074411541382
2024-01-17,g_5001,Search_Brand_Terms,gad_6001,Brand_Exact,Google Ads,26789,1456,278.9,54,,,,,2700,9,,,,0.0544,0.19,10.410989585277539,5.1648148148148145,9.6808892076012913
2024-01-07,g_5001,Search_Brand_Terms,gad_6001,Brand_Exact,Google Ads,26789,1456,278.9,54,,,,,2700,9,,,,0.0544,0.19,10.410989585277539,5.1648148148148145,9.6808892076012913
2024-01-24,g_5001,Search_Brand_Terms,gad_6001,Brand_Exact,Google Ads,27123,1434,274.3,55,,,,,2750,9,,,,0.0529,0.19,10.113188069166391,4.9872727272727273,10.02551950419249
2024-01-21,g_5003,Shopping_All_Products,gad_6003,Best_Sellers,Google Ads,62345,1989,365.4,57,,,,,2850,8,,,,0.0319,0.18,5.8609351190953562,6.4105263157894736,7.7996715927750415
2024-01-14,g_5003,Shopping_All_Products,gad_6003,Best_Sellers,Google Ads,61890,2012,369.3,58,,,,,2900,8,,,,0.0325,0.18,5.96703829374697,6.3672413793103448,7.85269428648795
2024-01-25,g_5001,Search_Brand_Terms,gad_6001,Brand_Exact,Google Ads,28234,1512,287.6,58,,,,,2900,9,,,,0.0535,0.19,10.186300205426082,4.9586206896551728,10.083449235048677
2024-01-20,g_5003,Shopping_All_Products,gad_6003,Best_Sellers,Google Ads,64890,2067,376.8,59,,,,,2950,8,,,,0.0319,0.18,5.8067498844197871,6.3864406779661023,7.8290870488322719
2024-01-13,g_5003,Shopping_All_Products,gad_6003,Best_Sellers,Google Ads,63456,2089,382.6,60,,,,,3000,8,,,,0.0329,0.18,6.0293746848209784,6.3766666666666669,7.8410872974385777
2024-01-28,g_5003,Shopping_All_Products,gad_6003,Best_Sellers,Google Ads,66234,2167,395.8,61,,,,,3050,8,,,,0.0327,0.18,5.9757828305704024,6.4885245901639346,7.7059120768064675
2024-01-10,g_5003,Shopping_All_Products,gad_6003,Best_Sellers,Google Ads,68901,2267,414.2,64,,,,,3200,8,,,,0.0329,0.18,6.0115237804966544,6.471875,7.7257363592467412
2024-01-22,g_5003,Shopping_All_Products,gad_6003,Best_Sellers,Google Ads,66789,2223,407.9,64,,,,,3200,8,,,,0.0333,0.18,6.107293117130066,6.3734375,7.8450600637411139
2024-01-04,g_5003,Shopping_All_Products,gad_6003,Best_Sellers,Google Ads,69456,2234,412.3,65,,,,,3250,8,,,,0.0322,0.18,5.9361322275973283,6.3430769230769233,7.8826097501819063
2024-01-15,g_5003,Shopping_All_Products,gad_6003,Best_Sellers,Google Ads,67234,2234,411.7,65,,,,,3250,8,,,,0.0332,0.18,6.1233899515126273,6.3338461538461539,7.8940976439154724
2024-01-07,g_5003,Shopping_All_Products,gad_6003,Best_Sellers,Google Ads,70234,2289,419.5,66,,,,,3300,8,,,,0.0326,0.18,5.972890622775294,6.3560606060606064,7.8665077473182361
2024-01-12,g_5003,Shopping_All_Products,gad_6003,Best_Sellers,Google Ads,69890,2334,428.9,66,,,,,3300,8,,,,0.0334,0.18,6.1367863785949348,6.4984848484848481,7.6941011890883662
2024-01-29,g_5003,Shopping_All_Products,gad_6003,Best_Sellers,Google Ads,68456,2289,419.5,66,,,,,3300,8,,,,0.0334,0.18,6.1280238401308873,6.3560606060606064,7.8665077473182361
2024-01-19,g_5003,Shopping_All_Products,gad_6003,Best_Sellers,Google Ads,69234,2301,423.5,67,,,,,3350,8,,,,0.0332,0.18,6.1169367651731807,6.32089552238806,7.9102715466351832
2024-01-01,g_5003,Shopping_All_Products,gad_6003,Best_Sellers,Google Ads,67890,2345,423.6,67,,,,,3350,8,,,,0.0345,0.18,6.23950508174989,6.3223880597014928,7.9084041548630779
2024-01-27,g_5003,Shopping_All_Products,gad_6003,Best_Sellers,Google Ads,70123,2356,431.2,68,,,,,3400,8,,,,0.0336,0.18,6.1491949859532529,6.341176470588235,7.8849721706864564
2024-01-30,g_5003,Shopping_All_Products,gad_6003,Best_Sellers,Google Ads,70234,2367,432.1,68,,,,,3400,8,,,,0.0337,0.18,6.1522909132329069,6.3544117647058824,7.8685489470030081
2024-01-06,g_5003,Shopping_All_Products,gad_6003,Best_Sellers,Google Ads,72345,2378,432.9,69,,,,,3450,8,,,,0.0329,0.18,5.9838274932614546,6.27391304347826,7.96950796950797
2024-01-16,g_5003,Shopping_All_Products,gad_6003,Best_Sellers,Google Ads,70123,2378,435.8,69,,,,,3450,8,,,,0.0339,0.18,6.214794004820102,6.3159420289855071,7.91647544745296
2024-01-23,g_5003,Shopping_All_Products,gad_6003,Best_Sellers,Google Ads,70234,2389,432.6,69,,,,,3450,8,,,,0.034,0.18,6.1594099723780511,6.269565217391305,7.9750346740638
2024-01-09,g_5003,Shopping_All_Products,gad_6003,Best_Sellers,Google Ads,73456,2423,441.8,70,,,,,3500,8,,,,0.033,0.18,6.014484861685907,6.3114285714285714,7.9221367134449974
2024-01-18,g_5003,Shopping_All_Products,gad_6003,Best_Sellers,Google Ads,71567,2412,442.3,70,,,,,3500,8,,,,0.0337,0.18,6.1802227283524527,6.3185714285714285,7.9131810988017177
2024-01-26,g_5003,Shopping_All_Products,gad_6003,Best_Sellers,Google Ads,72890,2434,450.2,71,,,,,3550,8,,,,0.0334,0.18,6.1764302373439426,6.3408450704225352,7.885384273656153
2024-01-11,g_5003,Shopping_All_Products,gad_6003,Best_Sellers,Google Ads,71234,2456,445.8,71,,,,,3550,8,,,,0.0345,0.18,6.25824746609765,6.27887323943662,7.9632122027815164
2024-01-02,g_5003,Shopping_All_Products,gad_6003,Best_Sellers,Google Ads,71234,2456,445.8,71,,,,,3550,8,,,,0.0345,0.18,6.25824746609765,6.27887323943662,7.9632122027815164
2024-01-17,g_5003,Shopping_All_Products,gad_6003,Best_Sellers,Google Ads,72456,2489,450.7,72,,,,,3600,8,,,,0.0344,0.18,6.2203268190350007,6.259722222222222,7.987574883514533
2024-01-24,g_5003,Shopping_All_Products,gad_6003,Best_Sellers,Google Ads,73456,2501,456.7,73,,,,,3650,8,,,,0.034,0.18,6.2173273796558481,6.2561643835616438,7.9921173636960807
2024-01-25,g_5003,Shopping_All_Products,gad_6003,Best_Sellers,Google Ads,75234,2567,467.8,75,,,,,3750,8,,,,0.0341,0.18,6.2179333811840394,6.2373333333333338,8.01624625908508
